[
    {
      "_id": {"$oid": "67449facd3737e2b2556ddef"},
      "title": "Rich Dad Poor Dad",
      "description": "Rich Dad Poor Dad is a 1997 book written by Robert T. Kiyosaki and Sharon Lechter. It advocates the importance of financial literacy, financial independence, and building wealth through investing in assets, real estate investing, starting and owning businesses, as well as increasing one's financial intelligence.",
      "category": "business",
      "trending": true,
      "coverImage": "book-1.png",
      "oldPrice": {"$numberInt": "69"},
      "newPrice": {"$numberInt": "75"},
      "createdAt": {"$date": {"$numberLong": "1732550572823"}},
      "updatedAt": {"$date": {"$numberLong": "1732550572823"}},
      "__v": {"$numberInt": "0"}
    },
    {
      "_id": {"$oid": "67449facd3737e2b2556ddf1"},
      "title": "The Lean Startup",
      "description": "The Lean Startup by Eric Ries introduces a new approach to business success, focusing on efficient startup methodologies and validated learning.",
      "category": "business",
      "trending": true,
      "coverImage": "book-2.png",
      "oldPrice": {"$numberInt": "80"},
      "newPrice": {"$numberInt": "85"},
      "createdAt": {"$date": {"$numberLong": "1732550572823"}},
      "updatedAt": {"$date": {"$numberLong": "1732550572823"}},
      "__v": {"$numberInt": "0"}
    },
    {
      "_id": {"$oid": "67449facd3737e2b2556ddf2"},
      "title": "Atomic Habits",
      "description": "Atomic Habits by James Clear explores powerful insights into habit-building and breaking, offering strategies for lifelong improvement.",
      "category": "self-help",
      "trending": true,
      "coverImage": "book-3.png",
      "oldPrice": {"$numberInt": "85"},
      "newPrice": {"$numberInt": "90"},
      "createdAt": {"$date": {"$numberLong": "1732550572823"}},
      "updatedAt": {"$date": {"$numberLong": "1732550572823"}},
      "__v": {"$numberInt": "0"}
    },
    {
      "_id": {"$oid": "67449facd3737e2b2556ddf3"},
      "title": "Think and Grow Rich",
      "description": "Napoleon Hill's classic book teaches principles of success and achieving financial prosperity through practical strategies.",
      "category": "self-help",
      "trending": false,
      "coverImage": "book-4.png",
      "oldPrice": {"$numberInt": "75"},
      "newPrice": {"$numberInt": "80"},
      "createdAt": {"$date": {"$numberLong": "1732550572823"}},
      "updatedAt": {"$date": {"$numberLong": "1732550572823"}},
      "__v": {"$numberInt": "0"}
    },
    {
      "_id": {"$oid": "67449facd3737e2b2556ddf4"},
      "title": "Deep Work",
      "description": "Cal Newport's Deep Work discusses the importance of focus in a world full of distractions and offers methods to cultivate a deep work ethic.",
      "category": "productivity",
      "trending": false,
      "coverImage": "book-5.png",
      "oldPrice": {"$numberInt": "68"},
      "newPrice": {"$numberInt": "70"},
      "createdAt": {"$date": {"$numberLong": "1732550572823"}},
      "updatedAt": {"$date": {"$numberLong": "1732550572823"}},
      "__v": {"$numberInt": "0"}
    },
    {
      "_id": {"$oid": "67449facd3737e2b2556ddf5"},
      "title": "The Subtle Art of Not Giving a F*ck",
      "description": "Mark Manson's bestselling book provides a counterintuitive approach to living a good life by embracing limits and hardships.",
      "category": "self-help",
      "trending": true,
      "coverImage": "book-6.png",
      "oldPrice": {"$numberInt": "90"},
      "newPrice": {"$numberInt": "95"},
      "createdAt": {"$date": {"$numberLong": "1732550572823"}},
      "updatedAt": {"$date": {"$numberLong": "1732550572823"}},
      "__v": {"$numberInt": "0"}
    },
    {
      "_id": {"$oid": "67449facd3737e2b2556ddf6"},
      "title": "The Power of Habit",
      "description": "Charles Duhigg explains how habits work and how they can be transformed to improve lives in personal and professional contexts.",
      "category": "self-help",
      "trending": false,
      "coverImage": "book-7.png",
      "oldPrice": {"$numberInt": "65"},
      "newPrice": {"$numberInt": "70"},
      "createdAt": {"$date": {"$numberLong": "1732550572823"}},
      "updatedAt": {"$date": {"$numberLong": "1732550572823"}},
      "__v": {"$numberInt": "0"}
    },
    {
      "_id": {"$oid": "67449facd3737e2b2556ddf7"},
      "title": "Outliers",
      "description": "Malcolm Gladwell examines the stories of exceptional individuals, uncovering the factors that contribute to high levels of success.",
      "category": "psychology",
      "trending": true,
      "coverImage": "book-8.png",
      "oldPrice": {"$numberInt": "88"},
      "newPrice": {"$numberInt": "93"},
      "createdAt": {"$date": {"$numberLong": "1732550572823"}},
      "updatedAt": {"$date": {"$numberLong": "1732550572823"}},
      "__v": {"$numberInt": "0"}
    },
    {
      "_id": {"$oid": "67449facd3737e2b2556ddf8"},
      "title": "How to Win Friends and Influence People",
      "description": "Dale Carnegie's timeless advice on interpersonal skills and relationships continues to inspire readers worldwide.",
      "category": "self-help",
      "trending": true,
      "coverImage": "book-9.png",
      "oldPrice": {"$numberInt": "70"},
      "newPrice": {"$numberInt": "75"},
      "createdAt": {"$date": {"$numberLong": "1732550572823"}},
      "updatedAt": {"$date": {"$numberLong": "1732550572823"}},
      "__v": {"$numberInt": "0"}
    },
    {
      "_id": {"$oid": "67449facd3737e2b2556ddf9"},
      "title": "Zero to One",
      "description": "Peter Thiel shares insights for startups, focusing on creating innovative businesses that build the future.",
      "category": "business",
      "trending": false,
      "coverImage": "book-10.png",
      "oldPrice": {"$numberInt": "85"},
      "newPrice": {"$numberInt": "90"},
      "createdAt": {"$date": {"$numberLong": "1732550572823"}},
      "updatedAt": {"$date": {"$numberLong": "1732550572823"}},
      "__v": {"$numberInt": "0"}
    },
    {
      "_id": {"$oid": "67449facd3737e2b2556ddfa"},
      "title": "The 7 Habits of Highly Effective People",
      "description": "Stephen Covey's book outlines habits for personal and professional effectiveness, emphasizing principles of integrity and fairness.",
      "category": "self-help",
      "trending": true,
      "coverImage": "book-11.png",
      "oldPrice": {"$numberInt": "78"},
      "newPrice": {"$numberInt": "83"},
      "createdAt": {"$date": {"$numberLong": "1732550572823"}},
      "updatedAt": {"$date": {"$numberLong": "1732550572823"}},
      "__v": {"$numberInt": "0"}
    },
    {
      "_id": {"$oid": "67449facd3737e2b2556ddfb"},
      "title": "Sapiens",
      "description": "Yuval Noah Harari explores the history of humankind, delving into its cultural and technological evolution.",
      "category": "history",
      "trending": true,
      "coverImage": "book-12.png",
      "oldPrice": {"$numberInt": "90"},
      "newPrice": {"$numberInt": "95"},
      "createdAt": {"$date": {"$numberLong": "1732550572823"}},
      "updatedAt": {"$date": {"$numberLong": "1732550572823"}},
      "__v": {"$numberInt": "0"}
    },
    {
      "_id": {"$oid": "67449facd3737e2b2556ddfc"},
      "title": "Start With Why",
      "description": "Simon Sinek emphasizes the importance of knowing your 'why' to inspire others and achieve success.",
      "category": "business",
      "trending": true,
      "coverImage": "book-13.png",
      "oldPrice": {"$numberInt": "87"},
      "newPrice": {"$numberInt": "92"},
      "createdAt": {"$date": {"$numberLong": "1732550572823"}},
      "updatedAt": {"$date": {"$numberLong": "1732550572823"}},
      "__v": {"$numberInt": "0"}
    },
    {
      "_id": {"$oid": "67449facd3737e2b2556ddfd"},
      "title": "Grit",
      "description": "Angela Duckworth explores the power of passion and perseverance in achieving long-term goals.",
      "category": "psychology",
      "trending": false,
      "coverImage": "book-14.png",
      "oldPrice": {"$numberInt": "72"},
      "newPrice": {"$numberInt": "78"},
      "createdAt": {"$date": {"$numberLong": "1732550572823"}},
      "updatedAt": {"$date": {"$numberLong": "1732550572823"}},
      "__v": {"$numberInt": "0"}
    },
    {
      "_id": {"$oid": "67449facd3737e2b2556ddfe"},
      "title": "Mindset",
      "description": "Carol Dweck explains how a growth mindset can unlock potential and drive success in life.",
      "category": "psychology",
      "trending": true,
      "coverImage": "book-15.png",
      "oldPrice": {"$numberInt": "75"},
      "newPrice": {"$numberInt": "80"},
      "createdAt": {"$date": {"$numberLong": "1732550572823"}},
      "updatedAt": {"$date": {"$numberLong": "1732550572823"}},
      "__v": {"$numberInt": "0"}
    },
    {
      "_id": {"$oid": "67449facd3737e2b2556ddff"},
      "title": "The Four-Hour Work Week",
      "description": "Tim Ferriss provides insights on escaping the 9-to-5 grind and designing a lifestyle centered around freedom.",
      "category": "business",
      "trending": true,
      "coverImage": "book-16.png",
      "oldPrice": {"$numberInt": "88"},
      "newPrice": {"$numberInt": "94"},
      "createdAt": {"$date": {"$numberLong": "1732550572823"}},
      "updatedAt": {"$date": {"$numberLong": "1732550572823"}},
      "__v": {"$numberInt": "0"}
    },
    {
      "_id": {"$oid": "67449facd3737e2b2556de00"},
      "title": "Ego is the Enemy",
      "description": "Ryan Holiday explores how ego can hinder success and provides strategies for maintaining humility and balance.",
      "category": "self-help",
      "trending": false,
      "coverImage": "book-17.png",
      "oldPrice": {"$numberInt": "70"},
      "newPrice": {"$numberInt": "75"},
      "createdAt": {"$date": {"$numberLong": "1732550572823"}},
      "updatedAt": {"$date": {"$numberLong": "1732550572823"}},
      "__v": {"$numberInt": "0"}
    },
    {
      "_id": {"$oid": "67449facd3737e2b2556de01"},
      "title": "Can't Hurt Me",
      "description": "David Goggins recounts his incredible journey of overcoming adversity and mental barriers through grit and determination.",
      "category": "self-help",
      "trending": true,
      "coverImage": "book-18.png",
      "oldPrice": {"$numberInt": "92"},
      "newPrice": {"$numberInt": "97"},
      "createdAt": {"$date": {"$numberLong": "1732550572823"}},
      "updatedAt": {"$date": {"$numberLong": "1732550572823"}},
      "__v": {"$numberInt": "0"}
    },
    {
      "_id": {"$oid": "67449facd3737e2b2556de02"},
      "title": "The Art of War",
      "description": "Sun Tzu's ancient classic provides timeless strategies and principles for leadership and conflict resolution.",
      "category": "strategy",
      "trending": false,
      "coverImage": "book-19.png",
      "oldPrice": {"$numberInt": "60"},
      "newPrice": {"$numberInt": "65"},
      "createdAt": {"$date": {"$numberLong": "1732550572823"}},
      "updatedAt": {"$date": {"$numberLong": "1732550572823"}},
      "__v": {"$numberInt": "0"}
    },
    {
      "_id": {"$oid": "67449facd3737e2b2556de03"},
      "title": "Man's Search for Meaning",
      "description": "Viktor Frankl's profound work on finding meaning in life, even amidst the darkest circumstances.",
      "category": "psychology",
      "trending": true,
      "coverImage": "book-20.png",
      "oldPrice": {"$numberInt": "85"},
      "newPrice": {"$numberInt": "90"},
      "createdAt": {"$date": {"$numberLong": "1732550572823"}},
      "updatedAt": {"$date": {"$numberLong": "1732550572823"}},
      "__v": {"$numberInt": "0"}
    }
  ]
  